排名,中文片名,评分,年份,国家/地区,类型,导演,主演,经典短评
1,肖申克的救赎,9.7,1994,美国,犯罪 剧情,弗兰克·德拉邦特 Frank Darabont,蒂姆·罗宾斯 Tim Robbins,希望让人自由。
2,霸王别姬,9.6,1993,中国大陆 中国香港,剧情 爱情 同性,陈凯歌 Kaige Chen,张国荣 Leslie Cheung / 张丰毅 Fengyi Zha,风华绝代。
3,泰坦尼克号,9.5,1997,美国,剧情 爱情 灾难,詹姆斯·卡梅隆 James Cameron,莱昂纳多·迪卡普里奥 Leonardo,失去的才是永恒的。
4,阿甘正传,9.5,1994,美国,剧情 爱情,罗伯特·泽米吉斯 Robert Zemeckis,汤姆·汉克斯 Tom Hanks,一部美国近现代史。
5,千与千寻,9.4,2001,日本,剧情 动画 奇幻,宫崎骏 Hayao Miyazaki,柊瑠美 Rumi Hîragi / 入野自由 Miy,最好的宫崎骏，最好的久石让。
6,星际穿越,9.4,2014,美国 英国 加拿大,剧情 科幻 冒险,克里斯托弗·诺兰 Christopher Nolan,马修·麦康纳 Matthew Mc,爱是一种力量，让我们超越时空感知它的存在。
7,美丽人生,9.5,1997,意大利,剧情 喜剧 爱情 战争,罗伯托·贝尼尼 Roberto Benigni,罗伯托·贝尼尼 Roberto Beni,最美的谎言。
8,这个杀手不太冷,9.4,1994,法国 美国,剧情 动作 犯罪,吕克·贝松 Luc Besson,让·雷诺 Jean Reno / 娜塔莉·波特曼,怪蜀黍和小萝莉不得不说的故事。
9,盗梦空间,9.4,2010,美国 英国,剧情 科幻 悬疑 冒险,克里斯托弗·诺兰 Christopher Nolan,莱昂纳多·迪卡普里奥 Le,诺兰给了我们一场无法盗取的梦。
10,楚门的世界,9.4,1998,美国,剧情 科幻,彼得·威尔 Peter Weir,金·凯瑞 Jim Carrey / 劳拉·琳妮 Lau,如果再也不能见到你，祝你早安，午安，晚安。
11,辛德勒的名单,9.5,1993,美国,剧情 历史 战争,史蒂文·斯皮尔伯格 Steven Spielberg,连姆·尼森 Liam Neeson,拯救一个人，就是拯救整个世界。
12,忠犬八公的故事,9.4,2009,美国 英国,剧情,莱塞·霍尔斯道姆 Lasse Hallström,理查·基尔 Richard Ger,永远都不能忘记你所爱的人。
13,海上钢琴师,9.3,1998,意大利,剧情 音乐,朱塞佩·托纳多雷 Giuseppe Tornatore,蒂姆·罗斯 Tim Roth,每个人都要走一条自己坚定了的路，就算是粉身碎骨。
14,疯狂动物城,9.3,2016,美国,喜剧 动画 冒险,拜伦·霍华德 Byron Howard / 瑞奇·摩尔 Rich Moore,金妮弗·,迪士尼给我们营造的乌托邦就是这样，永远善良勇敢，永远出乎意料。
15,三傻大闹宝莱坞,9.2,2009,印度,剧情 喜剧 爱情 歌舞,拉库马·希拉尼 Rajkumar Hirani,阿米尔·汗 Aamir Khan / 卡,英俊版憨豆，高情商版谢耳朵。
16,机器人总动员,9.3,2008,美国,科幻 动画 冒险,安德鲁·斯坦顿 Andrew Stanton,本·贝尔特 Ben Burtt / 艾丽,小瓦力，大人生。
17,放牛班的春天,9.3,2004,法国 瑞士 德国,剧情 音乐,克里斯托夫·巴拉蒂 Christophe Barratier,让-巴蒂斯特·莫尼,天籁一般的童声，是最接近上帝的存在。
18,无间道,9.3,2002,中国香港,剧情 犯罪 惊悚,刘伟强 / 麦兆辉,刘德华 Andy Lau / 梁朝伟 Tony Leung Chiu W,香港电影史上永不过时的杰作。
19,控方证人,9.6,1957,美国,剧情 犯罪 悬疑 惊悚,比利·怀尔德 Billy Wilder,泰隆·鲍华 Tyrone Power / 玛琳·,比利·怀德满分作品。
20,寻梦环游记,9.1,2017,美国,喜剧 动画 奇幻 音乐,李·昂克里奇 Lee Unkrich / 阿德里安·莫利纳 Adrian Molina,,死亡不是真的逝去，遗忘才是永恒的消亡。
21,大话西游之大圣娶亲,9.2,1995,中国香港 中国大陆,喜剧 爱情 奇幻 古装,刘镇伟 Jeffrey Lau,周星驰 Stephen Chow / 吴孟达 Man Tat Ng,一生所爱。
22,熔炉,9.3,2011,韩国,剧情,黄东赫 Dong-hyuk Hwang,孔侑 Yoo Gong / 郑有美 Yu-mi Jung,我们一路奋战不是为了改变世界，而是为了不让世界改变我们。
23,触不可及,9.3,2011,法国,剧情 喜剧,奥利维·那卡什 Olivier Nakache / 艾力克·托兰达 Eric Toledano   主...,,满满温情的高雅喜剧。
24,教父,9.3,1972,美国,剧情 犯罪,弗朗西斯·福特·科波拉 Francis Ford Coppola,马龙·白兰度 M,千万不要记恨你的对手，这样会让你失去理智。
25,哈利·波特与魔法石,9.2,2001,美国 英国,奇幻 冒险,Chris Columbus,Daniel Radcliffe / Emma Watson / Rupert Grint,童话世界的开端。
26,末代皇帝,9.3,1987,英国 意大利 中国大陆 法国,剧情 传记 历史,贝纳尔多·贝托鲁奇 Bernardo Bertolucci,尊龙 John Lone / 陈,“不要跟我比惨，我比你更惨”再适合这部电影不过了。
27,当幸福来敲门,9.1,2006,美国,剧情 传记 家庭,加布里尔·穆奇诺 Gabriele Muccino,威尔·史密斯 Will Smith,平民励志片。
28,龙猫,9.2,1988,日本,动画 奇幻 冒险,宫崎骏 Hayao Miyazaki,日高法子 Noriko Hidaka / 坂本千夏 Ch,人人心中都有个龙猫，童年就永远不会消失。
29,活着,9.3,1994,中国大陆 中国香港,剧情 历史 家庭,张艺谋 Yimou Zhang,葛优 You Ge / 巩俐 Li Gong / 姜武 Wu Jiang,张艺谋最好的电影。
30,怦然心动,9.1,2010,美国,剧情 喜剧 爱情,罗伯·莱纳 Rob Reiner,玛德琳·卡罗尔 Madeline Carroll / 卡,真正的幸福是来自内心深处。
31,蝙蝠侠：黑暗骑士,9.2,2008,美国 英国,剧情 动作 科幻 犯罪 惊悚,克里斯托弗·诺兰 Christopher Nolan,克里斯蒂安·贝尔 Christ,无尽的黑暗。
32,指环王3：王者无敌,9.3,2003,美国 新西兰,剧情 动作 奇幻 冒险,彼得·杰克逊 Peter Jackson,伊利亚·伍德 Elijah Wood / 西恩,史诗的终章。
33,我不是药神,9.0,2018,中国大陆,剧情 喜剧,文牧野 Muye Wen,徐峥 Zheng Xu / 王传君 Chuanjun Wang / 周,对我们国家而言，这样的电影多一部是一部。
34,乱世佳人,9.3,1939,美国,剧情 历史 爱情 战争,维克多·弗莱明 Victor Fleming / 乔治·库克 George Cukor,费,Tomorrow is another day.
35,让子弹飞,9.0,2010,中国大陆 中国香港,剧情 喜剧 动作 西部,姜文 Wen Jiang,姜文 Wen Jiang / 葛优 You Ge / 周润发 Yun-F,你给我翻译翻译，神马叫做TMD的惊喜。
36,飞屋环游记,9.1,2009,美国,剧情 喜剧 动画 冒险,彼特·道格特 Pete Docter / 鲍勃·彼德森 Bob Peterson,爱德,最后那些最无聊的事情，才是最值得怀念的。
37,哈尔的移动城堡,9.1,2004,日本,爱情 动画 奇幻 冒险,宫崎骏 Hayao Miyazaki,倍赏千惠子 Chieko Baishô / 木村拓,带着心爱的人在天空飞翔。
38,十二怒汉,9.4,1957,美国,剧情,西德尼·吕美特 Sidney Lumet,亨利·方达 Henry Fonda / 马丁,1957年的理想主义。
39,海蒂和爷爷,9.3,2015,德国 瑞士,剧情 冒险 家庭,阿兰·葛斯彭纳 Alain Gsponer,阿努克·斯特芬 Anuk Steffen,如果生活中有什么使你感到快乐，那就去做吧！不要管别人说什么。
40,素媛,9.3,2013,韩国,剧情,李濬益 Jun-ik Lee,薛景求 Kyung-gu Sol / 严志媛 Ji-won Uhm,受过伤害的人总是笑得最开心，因为他们不愿意让身边的人承受一样的痛苦。
41,猫鼠游戏,9.1,2002,美国 加拿大,传记 犯罪 剧情,史蒂文·斯皮尔伯格 Steven Spielberg,莱昂纳多·迪卡普里奥 L,骗子大师和执著警探的你追我跑故事。
42,天空之城,9.2,1986,日本,动画 奇幻 冒险,宫崎骏 Hayao Miyazaki,田中真弓 Mayumi Tanaka / 横泽启子 Ke,对天空的追逐，永不停止。
43,鬼子来了,9.3,2000,中国大陆,剧情 喜剧,姜文 Wen Jiang,姜文 Wen Jiang / 香川照之 Teruyuki Kagawa,对敌人的仁慈，就是对自己残忍。
44,摔跤吧！爸爸,9.0,2016,印度,剧情 传记 运动 家庭,涅提·蒂瓦里 Nitesh Tiwari,阿米尔·汗 Aamir Khan / 法缇玛,你不是在为你一个人战斗，你要让千千万万的女性看到女生并不是只能相夫教子。
45,少年派的奇幻漂流,9.1,2012,美国 中国台湾 英国 加拿大,剧情 奇幻 冒险,李安 Ang Lee,苏拉·沙玛 Suraj Sharma / 伊尔凡·可汗 Irrfan,瑰丽壮观、无人能及的冒险之旅。
46,死亡诗社,9.2,1989,美国,剧情,彼得·威尔 Peter Weir,罗宾·威廉姆斯 Robin Williams / 罗伯,当一个死水般的体制内出现一个活跃的变数时，所有的腐臭都站在了光明的对面。
47,指环王2：双塔奇兵,9.2,2002,美国 新西兰,剧情 动作 奇幻 冒险,彼得·杰克逊 Peter Jackson,伊利亚·伍德 Elijah Wood / 西恩,承前启后的史诗篇章。
48,钢琴家,9.3,2002,英国 法国 波兰 德国 美国,剧情 传记 战争 音乐,罗曼·波兰斯基 Roman Polanski,艾德里安·布洛迪 Adrien Brod,
49,大话西游之月光宝盒,9.0,1995,中国香港 中国大陆,喜剧 爱情 奇幻 古装,刘镇伟 Jeffrey Lau,周星驰 Stephen Chow / 吴孟达 Man Tat Ng,
50,绿皮书,8.9,2018,美国 中国大陆,剧情 喜剧 传记 音乐,彼得·法雷里 Peter Farrelly,维果·莫腾森 Viggo Mortensen,去除成见，需要勇气。
51,何以为家,9.1,2018,黎巴嫩 美国 法国 塞浦路斯 卡塔尔 英国,剧情,娜丁·拉巴基 Nadine Labaki,扎因·拉费阿 Zain al-Rafeea,凝视卑弱生命，用电影改变命运。
52,闻香识女人,9.1,1992,美国,剧情,马丁·布莱斯 Martin Brest,阿尔·帕西诺 Al Pacino / 克里斯,
53,大闹天宫,9.4,1961,中国大陆,剧情 动画 奇幻 古装,万籁鸣 Laiming Wan,邱岳峰 Yuefeng Qiu / 富润生 Runsheng Fu,
54,黑客帝国,9.1,1999,美国,动作 科幻,安迪·沃卓斯基 Andy Wachowski / 拉娜·沃卓斯基 Lana Wachowski   主...,,
55,指环王1：护戒使者,9.1,2001,新西兰 美国 英国,剧情 动作 奇幻 冒险,彼得·杰克逊 Peter Jackson,伊利亚·伍德 Elijah Wood / 西恩,
56,罗马假日,9.1,1953,美国,喜剧 剧情 爱情,威廉·惠勒 William Wyler,奥黛丽·赫本 Audrey Hepburn / 格,
57,教父2,9.3,1974,美国,剧情 犯罪,弗朗西斯·福特·科波拉 Francis Ford Coppola,阿尔·帕西诺 A,
58,狮子王,9.1,1994,美国,动画 冒险 歌舞,Roger Allers / 罗伯·明可夫 Rob Minkoff,乔纳森·泰勒·托马,
59,天堂电影院,9.2,1988,意大利 法国,剧情 爱情,朱塞佩·托纳多雷 Giuseppe Tornatore,菲利普·努瓦雷 Philipp,
60,饮食男女,9.2,1994,中国台湾 美国,剧情 家庭,李安 Ang Lee,郎雄 Sihung Lung / 杨贵媚 Kuei-Mei Yang / 吴,
61,辩护人,9.2,2013,韩国,剧情,杨宇硕 Woo-seok Yang,宋康昊 Kang-ho Song / 金英爱 Yeong-ae,电影的现实意义大过电影本身。
62,本杰明·巴顿奇事,9.0,2008,美国,剧情 爱情 奇幻,大卫·芬奇 David Fincher,布拉德·皮特 Brad Pitt / 凯特·布,在时间之河里感受溺水之苦。
63,搏击俱乐部,9.0,1999,美国,剧情 动作 悬疑 惊悚,大卫·芬奇 David Fincher,爱德华·诺顿 Edward Norton / 布拉,
64,美丽心灵,9.1,2001,美国,传记 剧情,朗·霍华德 Ron Howard,罗素·克劳 Russell Crowe / 艾德·哈,
65,穿条纹睡衣的男孩,9.2,2008,英国 美国,剧情 战争,马克·赫尔曼 Mark Herman,阿萨·巴特菲尔德 Asa Butterfield,尽管有些不切实际的幻想，这部电影依旧是一部感人肺腑的佳作。
66,功夫,8.9,2004,中国大陆 中国香港,动作 喜剧 犯罪 奇幻,周星驰 Stephen Chow,周星驰 Stephen Chow / 元秋 Qiu Yuen,警恶惩奸，维护世界和平这个任务就交给你了，好吗？
67,哈利·波特与死亡圣器(下),9.0,2011,美国 英国,奇幻 冒险,大卫·叶茨 David Yates,丹尼尔·雷德克里夫 Daniel Radcliffe,10年的完美句点。
68,两杆大烟枪,9.1,1998,英国,剧情 喜剧 犯罪,盖·里奇 Guy Ritchie,杰森·弗莱明 Jason Flemyng / 德克斯特,
69,情书,8.9,1995,日本,剧情 爱情,岩井俊二 Shunji Iwai,中山美穗 Miho Nakayama / 丰川悦司 Ets,
70,音乐之声,9.1,1965,美国,剧情 传记 爱情 歌舞,罗伯特·怀斯 Robert Wise,朱莉·安德鲁斯 Julie Andrews / 克,
71,窃听风暴,9.2,2006,德国,剧情 悬疑,弗洛里安·亨克尔·冯·多纳斯马尔克 Florian Henckel von Donnersmarck  &n...,,别样人生。
72,哈利·波特与阿兹卡班的囚徒,9.0,2004,英国 美国,奇幻 冒险,阿方索·卡隆 Alfonso Cuarón,丹尼尔·雷德克里夫 Daniel Rad,不一样的导演，不一样的哈利·波特。
73,阿凡达,8.8,2009,美国,动作 科幻 冒险,詹姆斯·卡梅隆 James Cameron,萨姆·沃辛顿 Sam Worthington,绝对意义上的美轮美奂。
74,西西里的美丽传说,8.9,2000,意大利 美国,剧情 战争 情色,朱塞佩·托纳多雷 Giuseppe Tornatore,莫妮卡·贝鲁奇 Monica,
75,看不见的客人,8.8,2016,西班牙,剧情 犯罪 悬疑 惊悚,奥里奥尔·保罗 Oriol Paulo,马里奥·卡萨斯 Mario Casas / 阿,你以为你以为的就是你以为的。
76,拯救大兵瑞恩,9.1,1998,美国,剧情 战争,史蒂文·斯皮尔伯格 Steven Spielberg,汤姆·汉克斯 Tom Hanks,
77,沉默的羔羊,8.9,1991,美国,剧情 犯罪 惊悚,乔纳森·戴米 Jonathan Demme,朱迪·福斯特 Jodie Foster / 安,
78,小鞋子,9.2,1997,伊朗,剧情 儿童 家庭,马基德·马基迪 Majid Majidi,默罕默德·阿米尔·纳吉 Mohamma,
79,还有明天,9.3,2023,意大利,剧情 喜剧 历史,宝拉·柯特莱西 Paola Cortellesi,宝拉·柯特莱西 Paola Corte,
80,蝴蝶效应,8.9,2004,美国 加拿大,剧情 悬疑 科幻 惊悚,埃里克·布雷斯 Eric Bress / J·麦基·格鲁伯 J. Mackye Gruber   主...,,人的命运被自己瞬间的抉择改变。
81,布达佩斯大饭店,8.9,2014,美国 德国 英国,剧情 喜剧 冒险,韦斯·安德森 Wes Anderson,拉尔夫·费因斯 Ralph Fiennes,小清新的故事里注入了大历史的情怀。
82,飞越疯人院,9.1,1975,美国,剧情,米洛斯·福尔曼 Miloš Forman,杰克·尼科尔森 Jack Nichols,
83,禁闭岛,8.9,2010,美国,剧情 悬疑 惊悚,Martin Scorsese,莱昂纳多·迪卡普里奥 Leonardo DiCaprio,昔日翩翩少年，今日大腹便便。
84,心灵捕手,9.0,1997,美国,剧情,格斯·范·桑特 Gus Van Sant,马特·达蒙 Matt Damon / 罗宾·,
85,致命魔术,8.9,2006,英国 美国,剧情 悬疑 惊悚,克里斯托弗·诺兰 Christopher Nolan,休·杰克曼 Hugh Jackman,孪生蝙蝠侠大战克隆金刚狼。
86,低俗小说,8.9,1994,美国,剧情 喜剧 犯罪,昆汀·塔伦蒂诺 Quentin Tarantino,约翰·特拉沃尔塔 John Tra,
87,哈利·波特与密室,8.9,2002,英国 美国,奇幻 冒险,Chris Columbus,丹尼尔·雷德克里夫 Daniel Radcliffe / 艾玛,
88,一一,9.1,2000,中国台湾 日本,剧情 爱情 家庭,杨德昌 Edward Yang,吴念真 / 李凯莉 Kelly Lee / 金燕玲 Elai,
89,超脱,9.0,2011,美国,剧情,托尼·凯耶 Tony Kaye,艾德里安·布洛迪 Adrien Brody / 马西,穷尽一生，我们要学会的，不过是彼此拥抱。
90,喜剧之王,8.8,1999,中国香港,喜剧 剧情 爱情,周星驰 Stephen Chow / 李力持 Lik-Chi Lee,周星驰 Stephen Ch,
91,致命ID,8.9,2003,美国,剧情 悬疑 惊悚,詹姆斯·曼高德 James Mangold,约翰·库萨克 John Cusack / 雷,
92,杀人回忆,8.9,2003,韩国,剧情 动作 犯罪 悬疑 惊悚,奉俊昊 Joon-ho Bong,宋康昊 Kang-ho Song / 金相庆 Sang-kyun,
93,摩登时代,9.3,1936,美国,剧情 喜剧 爱情,查理·卓别林 Charles Chaplin,查理·卓别林 Charles Chaplin,
94,加勒比海盗,8.9,2003,美国,动作 冒险 奇幻,戈尔·维宾斯基 Gore Verbinski,约翰尼·德普 Johnny Depp,
95,春光乍泄,9.0,1997,中国香港 日本 韩国,剧情 爱情 同性,王家卫 Kar Wai Wong,张国荣 Leslie Cheung / 梁朝伟 Tony Leu,
96,海豚湾,9.3,2009,美国,纪录片,路易·西霍尤斯 Louie Psihoyos,路易·西霍尤斯 Louie Psihoyo,海豚的微笑，是世界上最高明的伪装。
97,美国往事,9.1,1984,美国 意大利,犯罪 剧情,赛尔乔·莱翁内 Sergio Leone,罗伯特·德尼罗 Robert De Niro,
98,七宗罪,8.8,1995,美国,剧情 犯罪 悬疑 惊悚,大卫·芬奇 David Fincher,摩根·弗里曼 Morgan Freeman / 布,
99,红辣椒,9.0,2006,日本,动画 悬疑 科幻 惊悚,今敏 Satoshi Kon,林原惠美 Megumi Hayashibara / 江守彻 Toru,梦的勾结。
100,唐伯虎点秋香,8.8,1993,中国香港,喜剧 爱情 古装,李力持 Lik-Chi Lee,周星驰 Stephen Chow / 巩俐 Li Gong / 陈,
101,狩猎,9.1,2012,丹麦 瑞典,剧情,托马斯·温特伯格 Thomas Vinterberg,麦斯·米科尔森 Mads Mik,人言可畏。
102,寄生虫,8.8,2019,韩国,剧情,奉俊昊 Joon-ho Bong,宋康昊 Kang-ho Song / 李善均 Seon-gyun,
103,幽灵公主,8.9,1997,日本,动画 奇幻 冒险,宫崎骏 Hayao Miyazaki,松田洋治 Yôji Matsuda / 石田百合,
104,甜蜜蜜,8.9,1996,中国香港,剧情 爱情,陈可辛 Peter Chan,黎明 Leon Lai / 张曼玉 Maggie Cheung,
105,蝙蝠侠：黑暗骑士崛起,8.9,2012,美国 英国,剧情 动作 科幻 犯罪 惊悚,克里斯托弗·诺兰 Christopher Nolan,克里斯蒂安·贝尔 Christ,诺兰就是保证。
106,天书奇谭,9.2,1983,中国大陆,动画 奇幻,王树忱 Shuchen Wang / 钱运达 Yunda Qian,丁建华 Jianhua Din,
107,超能陆战队,8.8,2014,美国,喜剧 动作 科幻 动画 冒险,唐·霍尔 Don Hall / 克里斯·威廉姆斯 Chris Williams,斯科特,Balalala~~~
108,茶馆,9.5,1982,中国大陆,剧情 历史,谢添 Tian Xie,于是之 Shizhi Yu / 郑榕 Rong Zhen / 蓝天野 T,
109,第六感,8.9,1999,美国,剧情 悬疑 惊悚,M·奈特·沙马兰 M. Night Shyamalan,布鲁斯·威利斯 Bruce Wi,
110,7号房的礼物,8.9,2013,韩国,剧情 喜剧 家庭,李焕庆 Hwan-kyeong Lee,柳承龙 Seung-yong Ryoo / 朴信惠 Shi,《我是山姆》的《美丽人生》。
111,爱在日落黄昏时,8.9,2004,美国 法国,剧情 爱情,理查德·林克莱特 Richard Linklater,伊桑·霍克 Ethan Hawke,九年后的重逢是世俗和责任的交叠，没了悸动和青涩，沧桑而温暖。
112,头脑特工队,8.9,2015,美国,喜剧 动画 冒险,彼特·道格特 Pete Docter / 罗纳尔多·德尔·卡门 Ronaldo Del Carmen  &nb...,,愿我们都不用长大，每一座城堡都能永远存在。
113,爱在黎明破晓前,8.8,1995,美国 奥地利 瑞士,剧情 爱情,理查德·林克莱特 Richard Linklater,伊桑·霍克 Ethan Hawke,
114,哈利·波特与火焰杯,8.8,2005,英国 美国,悬疑 奇幻 冒险,迈克·内威尔 Mike Newell,丹尼尔·雷德克里夫 Daniel Radclif,
115,未麻的部屋,9.1,1997,日本,剧情 犯罪 动画 悬疑 惊悚,今敏 Satoshi Kon,岩男润子 Junko Iwao / 松本梨香 Rica Matsu,
116,被嫌弃的松子的一生,8.8,2006,日本,剧情 歌舞,中岛哲也 Tetsuya Nakashima,中谷美纪 Miki Nakatani / 瑛太 E,以戏谑来戏谑戏谑。
117,重庆森林,8.8,1994,中国香港,剧情 爱情,王家卫 Kar Wai Wong,林青霞 Brigitte Lin / 金城武 Takeshi K,
118,借东西的小人阿莉埃蒂,8.9,2010,日本,动画 奇幻 冒险,米林宏昌 Hiromasa Yonebayashi,志田未来 Mirai Shida / 神木,曾经的那段美好会沉淀为一辈子的记忆。
119,菊次郎的夏天,8.9,1999,日本,剧情 喜剧,北野武 Takeshi Kitano,北野武 Takeshi Kitano / 关口雄介 Yus,
120,入殓师,8.9,2008,日本,剧情,泷田洋二郎 Yôjirô Takita,本木雅弘 Masahiro Motoki,死可能是一道门，逝去并不是终结，而是超越，走向下一程。
121,断背山,8.8,2005,美国 加拿大,剧情 爱情 同性 家庭,李安 Ang Lee,希斯·莱杰 Heath Ledger / 杰克·吉伦哈尔 Jake,每个人心中都有一座断背山。
122,剪刀手爱德华,8.7,1990,美国,剧情 爱情 奇幻,蒂姆·波顿 Tim Burton,约翰尼·德普 Johnny Depp / 薇诺娜·,
123,时空恋旅人,8.8,2013,英国 美国,喜剧 爱情 奇幻,理查德·柯蒂斯 Richard Curtis,多姆纳尔·格里森 Domhnall Gl,把每天当作最后一天般珍惜度过，积极拥抱生活，就是幸福。
124,勇敢的心,8.9,1995,美国,动作 传记 剧情 历史 战争,梅尔·吉布森 Mel Gibson,梅尔·吉布森 Mel Gibson / 苏菲·玛,
125,玩具总动员3,8.9,2010,美国,喜剧 动画 奇幻 冒险,李·昂克里奇 Lee Unkrich,汤姆·汉克斯 Tom Hanks / 蒂姆·艾,跨度十五年的欢乐与泪水。
126,傲慢与偏见,8.7,2005,法国 英国 美国,剧情 爱情,乔·怀特 Joe Wright,凯拉·奈特莉 Keira Knightley / 马修·,爱是摈弃傲慢与偏见之后的曙光。
127,驯龙高手,8.8,2010,美国,动画 奇幻 冒险,迪恩·德布洛斯 Dean DeBlois / 克里斯·桑德斯 Chris Sanders,,和谐的生活离不开摸头与被摸头。
128,新世界,8.9,2013,韩国,剧情 犯罪,朴勋政 Hoon-jung Park,李政宰 Jung-Jae Lee / 崔岷植 Min-sik,要做就做得狠一点，这样才能活下去。
129,消失的爱人,8.7,2014,美国,剧情 犯罪 悬疑 惊悚,大卫·芬奇 David Fincher,本·阿弗莱克 Ben Affleck / 罗莎蒙,年度最佳date movie。
130,无人知晓,9.1,2004,日本,剧情,是枝裕和 Hirokazu Koreeda,柳乐优弥 Yûya Yagira / 北浦爱,我的平常生活就是他人的幸福。
131,倩女幽魂,8.8,1987,中国香港,爱情 奇幻 武侠 古装,程小东 Siu-Tung Ching,张国荣 Leslie Cheung / 王祖贤 Joey W,
132,花样年华,8.8,2000,中国香港,剧情 爱情,王家卫 Kar Wai Wong,张曼玉 Maggie Cheung / 梁朝伟 Tony Leu,
133,色，戒,8.7,2007,中国台湾 中国大陆 美国 中国香港,剧情 爱情 情色,李安 Ang Lee,梁朝伟 Tony Leung Chiu Wai / 汤唯 Wei Tang,假戏真情，爱欲深海
134,一个叫欧维的男人决定去死,8.9,2015,瑞典,剧情,汉内斯·赫尔姆 Hannes Holm,罗夫·拉斯加德 Rolf Lassgård,惠及一生的美丽。
135,怪兽电力公司,8.8,2001,美国,儿童 喜剧 动画 奇幻 冒险,彼特·道格特 Pete Docter / 大卫·斯沃曼 David Silverman,约,
136,完美的世界,9.1,1993,美国,剧情 犯罪,克林特·伊斯特伍德 Clint Eastwood,凯文·科斯特纳 Kevin Cos,
137,教父3,9.0,1990,美国,剧情 犯罪,弗朗西斯·福特·科波拉 Francis Ford Coppola,阿尔·帕西诺 A,
138,九品芝麻官,8.8,1994,中国香港,剧情 喜剧 古装,王晶 Jing Wong,周星驰 Stephen Chow / 吴孟达 Man Tat Ng,
139,小森林 夏秋篇,9.0,2014,日本,剧情,森淳一 Junichi Mori,桥本爱 Ai Hashimoto / 三浦贵大 Takahir,那些静得只能听见呼吸的日子里，你明白孤独即生活。
140,天使爱美丽,8.7,2001,法国 德国,剧情 喜剧 爱情,让-皮埃尔·热内 Jean-Pierre Jeunet,奥黛丽·塔图 Audrey Tau,
141,阳光灿烂的日子,8.8,1994,中国大陆 中国香港,剧情 爱情,姜文 Wen Jiang,夏雨 Yu Xia / 宁静 Jing Ning / 陶虹 Hong Tao,
142,哪吒闹海,9.2,1979,中国大陆,冒险 动画 奇幻,王树忱 Shuchen Wang / 严定宪 Dingxian Yan,梁正晖 Zhenghui,
143,被解救的姜戈,8.8,2012,美国,剧情 动作 西部 冒险,昆汀·塔伦蒂诺 Quentin Tarantino,杰米·福克斯 Jamie Foxx,热血沸腾，那个低俗、性感的无耻混蛋又来了。
144,侧耳倾听,8.9,1995,日本,剧情 爱情 动画,近藤喜文 Yoshifumi Kondo,本名阳子 Youko Honna / 小林桂树 K,
145,幸福终点站,8.8,2004,美国,喜剧 剧情 爱情,史蒂文·斯皮尔伯格 Steven Spielberg,汤姆·汉克斯 Tom Hanks,有时候幸福需要等一等。
146,请以你的名字呼唤我,8.8,2017,意大利 法国 巴西 美国,剧情 爱情 同性,卢卡·瓜达尼诺 Luca Guadagnino,艾米·汉莫 Armie Hammer,沉醉在电影的情感和视听氛围中无法自拔。
147,釜山行,8.6,2016,韩国,动作 惊悚 灾难,延尚昊 Sang-ho Yeon,孔刘 Yoo Gong / 郑有美 Yu-mi Jung / 马,揭露人性的丧尸题材力作。
148,神偷奶爸,8.7,2010,美国 法国,喜剧 动画 冒险,皮艾尔·柯芬 Pierre Coffin / 克里斯·雷纳德 Chris Renaud,,Mr. I Don't Care其实也有Care的时候。
149,小森林 冬春篇,9.0,2015,日本,剧情,森淳一 Junichi Mori,桥本爱 Ai Hashimoto / 三浦贵大 Takahir,尊敬他人，尊敬你生活的这片土地，明白孤独是人生的常态。
150,喜宴,9.0,1993,中国台湾 美国,剧情 喜剧 爱情 同性 家庭,李安 Ang Lee,赵文瑄 Winston Chao / 归亚蕾 Ya-lei Kuei / 郎,
151,萤火之森,8.8,2011,日本,剧情 爱情 动画 奇幻,大森贵弘 Takahiro Omori,佐仓绫音 Ayane Sakura / 内山昂辉 K,触不到的恋人。
152,告白,8.8,2010,日本,剧情 悬疑,中岛哲也 Tetsuya Nakashima,松隆子 Takako Matsu / 冈田将生,没有一人完全善，也没有一人完全恶。
153,机器人之梦,9.1,2023,西班牙 法国,剧情 动画 音乐,巴勃罗·贝格尔 Pablo Berger,伊万·拉班达 Ivan Labanda,
154,七武士,9.3,1954,日本,动作 冒险 剧情,黑泽明 Akira Kurosawa,三船敏郎 Toshirô Mifune / 志村乔,
155,头号玩家,8.6,2018,美国,动作 科幻 冒险,史蒂文·斯皮尔伯格 Steven Spielberg,泰伊·谢里丹 Tye Sheri,写给影迷，动漫迷和游戏迷的一封情书。
156,玛丽和麦克斯,8.9,2009,澳大利亚 美国,剧情 喜剧 动画,亚当·艾略特 Adam Elliot,托妮·科莱特 Toni Collette / 菲利,你是我最好的朋友，你是我唯一的朋友 。
157,模仿游戏,8.8,2014,英国 美国,剧情 传记 战争 同性,莫滕·泰杜姆 Morten Tyldum,本尼迪克特·康伯巴奇 Benedict C,他给机器起名“克里斯托弗”，因为这是他初恋的名字。
158,心灵奇旅,8.7,2020,美国,动画 奇幻 音乐,彼特·道格特 Pete Docter / 凯普·鲍尔斯 Kemp Powers,杰米·,
159,惊魂记,9.0,1960,美国,悬疑 惊悚 恐怖,阿尔弗雷德·希区柯克 Alfred Hitchcock,安东尼·博金斯 Antho,
160,大鱼,8.8,2003,美国,剧情 爱情 奇幻 冒险,蒂姆·波顿 Tim Burton,伊万·麦克格雷格 Ewan McGregor / 阿,
161,背靠背，脸对脸,9.4,1994,中国大陆 中国香港,剧情,黄建新 Jianxin Huang / 杨亚洲 Yazhou Yang,牛振华 Zhenhua N,
162,你的名字。,8.5,2016,日本,剧情 爱情 动画,新海诚 Makoto Shinkai,神木隆之介 Ryûnosuke Kamiki / 上,穿越错位的时空，仰望陨落的星辰，你没留下你的名字，我却无法忘记那句“我爱你”。
163,血战钢锯岭,8.7,2016,澳大利亚 美国,剧情 传记 历史 战争,梅尔·吉布森 Mel Gibson,安德鲁·加菲尔德 Andrew Garfield,优秀的战争片不会美化战场，不会粉饰死亡，不会矮化敌人，不会无视常识，最重要的，不会宣扬战争。
164,高山下的花环,9.5,1984,中国大陆,剧情 战争,谢晋 Jin Xie,吕晓禾 Xiaohe Lü / 唐国强 Guoqiang Tang / 何,
165,末路狂花,9.0,1991,美国 英国 法国,剧情 喜剧 犯罪,雷德利·斯科特 Ridley Scott,吉娜·戴维斯 Geena Davis / 苏,
166,射雕英雄传之东成西就,8.7,1993,中国香港,喜剧 奇幻 武侠 古装,刘镇伟 Jeffrey Lau,梁朝伟 Tony Leung Chiu Wai / 林青霞 Bri,
167,我是山姆,9.0,2001,美国,剧情 家庭,杰茜·尼尔森 Jessie Nelson,Sean Penn / Dakota Fanning / Mi,
168,阳光姐妹淘,8.8,2011,韩国,剧情 喜剧,姜炯哲 Hyeong-Cheol Kang,沈恩京 Eun-kyung Shim / 闵孝琳 Hy,再多各自牛逼的时光，也比不上一起傻逼的岁月。
169,黑客帝国3：矩阵革命,8.8,2003,美国,动作 科幻,拉娜·沃卓斯基 Lana Wachowski / 莉莉·沃卓斯基 Lilly Wachowski   ...,,
170,恐怖直播,8.7,2013,韩国,剧情 犯罪 悬疑,金秉祐 Byeong-woo Kim,河正宇 Jung-woo Ha / 李璟荣 Kyeong-y,恐怖分子的“秋菊打官司”。
171,谍影重重3,8.9,2007,美国 德国 法国 英国,动作 悬疑 惊悚,保罗·格林格拉斯 Paul Greengrass,马特·达蒙 Matt Damon,像吃了苏打饼一样干脆的电影。
172,小丑,8.7,2019,美国 加拿大,剧情 犯罪 惊悚,托德·菲利普斯 Todd Phillips,杰昆·菲尼克斯 Joaquin Phoeni,
173,无间道2,8.8,2003,中国香港,剧情 犯罪 惊悚,刘伟强 Andrew Lau / 麦兆辉 Alan Mak,陈冠希 Edison Chen,
174,三块广告牌,8.7,2017,英国 美国,剧情 犯罪,马丁·麦克唐纳 Martin McDonagh,弗兰西斯·麦克多蒙德 France,怼天怼地，你走后，她与世界为敌。
175,电锯惊魂,8.7,2004,美国,悬疑 惊悚 恐怖,詹姆斯·温 James Wan,雷·沃纳尔 Leigh Whannell / 加利·艾,真相就在眼前。
176,达拉斯买家俱乐部,8.8,2013,美国,剧情 传记 同性,让-马克·瓦雷 Jean-Marc Vallée,马修·麦康纳 Matthew McCon,Jared Leto的腿比女人还美！
177,疯狂原始人,8.7,2013,美国,喜剧 动画 冒险,科克·德·米科 Kirk De Micco / 克里斯·桑德斯 Chris Sanders   主演...,,老少皆宜，这就是好莱坞动画的魅力。
178,疯狂的石头,8.6,2006,中国大陆 中国香港,喜剧 犯罪,宁浩 Hao Ning,郭涛 Tao Guo / 刘桦 Hua Liu / 连晋 Teddy Lin,中国版《两杆大烟枪》。
179,绿里奇迹,8.9,1999,美国,犯罪 剧情 奇幻 悬疑,弗兰克·德拉邦特 Frank Darabont,汤姆·汉克斯 Tom Hanks,
180,雨中曲,9.1,1952,美国,喜剧 歌舞 爱情,斯坦利·多南 Stanley Donen / 吉恩·凯利 Gene Kelly,吉恩·,
181,2001太空漫游,8.9,1968,英国 美国,科幻 惊悚 冒险,斯坦利·库布里克 Stanley Kubrick,凯尔·杜拉 Keir Dullea,
182,爱在午夜降临前,8.8,2013,美国 希腊,剧情 爱情,理查德·林克莱特 Richard Linklater,伊桑·霍克 Ethan Hawke,所谓爱情，就是话唠一路，都不会心生腻烦，彼此嫌弃。
183,海街日记,8.8,2015,日本,剧情 家庭,是枝裕和 Hirokazu Koreeda,绫濑遥 Haruka Ayase / 长泽雅美 M,是枝裕和的家庭习作。
184,心迷宫,8.7,2014,中国大陆,剧情 犯罪 悬疑,忻钰坤 Yukun Xin,霍卫民 Weimin Huo / 王笑天 Xiaotian Wang,荒诞讽刺，千奇百巧，抽丝剥茧，百转千回。
185,上帝之城,9.0,2002,巴西 法国,犯罪 剧情,费尔南多·梅里尔斯 Fernando Meirelles / 卡迪亚·兰德 Kátia Lund  &nbsp...,,
186,风之谷,8.9,1984,日本,动画 奇幻 冒险,宫崎骏 Hayao Miyazaki,岛本须美 Sumi Shimamoto / 松田洋治 Y,
187,记忆碎片,8.7,2000,美国,犯罪 剧情 悬疑 惊悚,克里斯托弗·诺兰 Christopher Nolan,盖·皮尔斯 Guy Pearce,
188,英雄本色,8.6,1986,中国香港,剧情 动作 犯罪,吴宇森 John Woo,周润发 Yun-Fat Chow / 狄龙 Lung Ti / 张国,
189,纵横四海,8.8,1991,中国香港,剧情 喜剧 动作 犯罪,吴宇森 John Woo,周润发 Yun-Fat Chow / 张国荣 Leslie Cheung,
190,恐怖游轮,8.5,2009,英国 澳大利亚,科幻 悬疑 奇幻 惊悚,克里斯托弗·史密斯 Christopher Smith,梅利莎·乔治 Melissa,不要企图在重复中寻找已经失去的爱。
191,无敌破坏王,8.7,2012,美国,喜剧 动画 奇幻 冒险,瑞奇·莫尔 Rich Moore,约翰·C·赖利 John C. Reilly / 萨拉,迪士尼和皮克斯拿错剧本的产物。
192,芙蓉镇,9.3,1987,中国大陆,剧情 爱情,谢晋 Jin Xie,刘晓庆 Xiaoqing Liu / 姜文 Wen Jiang / 郑在石,
193,魔女宅急便,8.8,1989,日本,动画 奇幻 冒险,宫崎骏 Hayao Miyazaki,高山南 Minami Takayama / 佐久间玲 Re,
194,牯岭街少年杀人事件,8.9,1991,中国台湾,剧情 犯罪,杨德昌 Edward Yang,张震 Chen Chang / 杨静怡 Lisa Yang / 张,
195,小偷家族,8.7,2018,日本,剧情 犯罪 家庭,是枝裕和 Hirokazu Koreeda,中川雅也 Lily Franky / 安藤樱 Sa,我们组成了家。
196,东京教父,9.0,2003,日本,剧情 喜剧 动画,今敏 Satoshi Kon,江守彻 Toru Emori / 梅垣义明 Yoshiaki Ume,
197,冰川时代,8.7,2002,美国,喜剧 动画 冒险,卡洛斯·沙尔丹哈 Carlos Saldanha / 克里斯·韦奇 Chris Wedge   主演...,,
198,卢旺达饭店,8.9,2004,英国 南非 意大利 美国,剧情 传记 历史 战争,特瑞·乔治 Terry George,唐·钱德尔 Don Cheadle / 苏菲·奥,当这个世界闭上双眼，他却敞开了怀抱。
199,忠犬八公物语,9.2,1987,日本,剧情,神山征二郎 Seijirô Kôyama,仲代达矢 Tatsuya Nakadai,
200,岁月神偷,8.7,2010,中国香港 中国大陆,剧情 家庭,罗启锐 Alex Law,吴君如 Sandra Ng / 任达华 Simon Yam / 钟绍,岁月流逝，来日可追。
201,白日梦想家,8.6,2013,美国 英国,剧情 喜剧 冒险,本·斯蒂勒 Ben Stiller,本·斯蒂勒 Ben Stiller / 克里斯汀·,
202,遗愿清单,8.7,2007,美国,冒险 喜剧 剧情,罗伯·莱纳 Rob Reiner,杰克·尼科尔森 Jack Nicholson / 摩根,用剩余不多的时间，去燃烧整个生命。
203,爱乐之城,8.4,2016,美国,剧情 爱情 歌舞,达米恩·查泽雷 Damien Chazelle,瑞恩·高斯林 Ryan Gosling,
204,花束般的恋爱,8.6,2021,日本,剧情 爱情,土井裕泰 Nobuhiro Doi,菅田将晖 Masaki Suda / 有村架纯 Kasu,
205,源代码,8.6,2011,美国 加拿大,科幻 悬疑 惊悚,邓肯·琼斯 Duncan Jones,杰克·吉伦哈尔 Jake Gyllenhaal,邓肯·琼斯继《月球》之后再度奉献出一部精彩绝伦的科幻佳作。
206,大佛普拉斯,8.7,2017,中国台湾,剧情 喜剧,黄信尧 Hsin-yao Huang,庄益增 Yizeng Zhuang / 陈竹昇 Chu-sh,人们可以登上月球，却永远无法探索人们内心的宇宙。
207,荒蛮故事,8.7,2014,阿根廷 西班牙,剧情 喜剧 犯罪,达米安·斯兹弗隆 Damián Szifron,达里奥·葛兰帝内提 Darío,始于荒诞，止于更荒诞。
208,疯狂的麦克斯4：狂暴之路,8.7,2015,澳大利亚 美国,动作 科幻 冒险,乔治·米勒 George Miller,汤姆·哈迪 Tom Hardy / 查理兹·塞,“多么美好的一天！”轰轰轰砰咚，啪哒哒哒轰隆隆，磅~
209,可可西里,8.9,2004,中国大陆 中国香港,剧情 犯罪,陆川 Chuan Lu,多布杰 Duobujie / 张磊 Lei Zhang / 亓亮 Qi L,坚硬的信仰。
210,波西米亚狂想曲,8.6,2018,英国 美国,剧情 传记 同性 音乐,布莱恩·辛格 Bryan Singer,拉米·马雷克 Rami Malek / 本·哈,
211,你看起来好像很好吃,8.9,2010,日本,剧情 动画 儿童,藤森雅也 Masaya Fujimori,山口胜平 Kappei Yamaguchi / 爱河,感情不分食草或者食肉。
212,贫民窟的百万富翁,8.6,2008,英国,剧情 爱情,丹尼·鲍尔 Danny Boyle / 洛芙琳·坦丹 Loveleen Tandan,戴夫,上帝之城+猜火车+阿甘正传+开心辞典=山寨富翁
213,大红灯笼高高挂,8.8,1991,中国大陆 中国香港 中国台湾,剧情,张艺谋 Yimou Zhang,巩俐 Li Gong / 马精武 Jingwu Ma / 何赛,
214,城市之光,9.3,1931,美国,喜剧 剧情 爱情,查理·卓别林 Charles Chaplin,查理·卓别林 Charles Chaplin,
215,无耻混蛋,8.7,2009,德国 美国,剧情 犯罪,昆汀·塔伦蒂诺 Quentin Tarantino,布拉德·皮特 Brad Pitt,昆汀同学越来越变态了，比北野武还杜琪峰。
216,哈利·波特与死亡圣器(上),8.6,2010,英国 美国,奇幻 冒险,大卫·叶茨 David Yates,丹尼尔·雷德克里夫 Daniel Radcliffe,最忠于原著的一部。
217,终结者2：审判日,8.8,1991,美国 法国,动作 科幻,詹姆斯·卡梅隆 James Cameron,阿诺·施瓦辛格 Arnold Schwarz,
218,爆裂鼓手,8.6,2014,美国,剧情 音乐,达米恩·查泽雷 Damien Chazelle,迈尔斯·特勒 Miles Teller,这个世界从不善待努力的人，努力了也不一定会成功，但是知道自己在努力，就是活下去的动力。
219,青蛇,8.6,1993,中国香港 中国大陆,剧情 爱情 奇幻 古装,徐克 Hark Tsui,张曼玉 Maggie Cheung / 王祖贤 Joey Wang,
220,东邪西毒,8.6,1994,中国香港 中国台湾,剧情 动作 爱情 武侠 古装,王家卫 Kar Wai Wong,张国荣 Leslie Cheung / 林青霞 Brigitte,
221,黑天鹅,8.6,2010,美国,剧情 惊悚,达伦·阿罗诺夫斯基 Darren Aronofsky,娜塔莉·波特曼 Natalie,黑暗之美。
222,新龙门客栈,8.7,1992,中国香港 中国大陆,动作 爱情 武侠 古装,李惠民 Raymond Lee,张曼玉 Maggie Cheung / 林青霞 Brigitte,
223,千钧一发,8.8,1997,美国,剧情 科幻 惊悚,安德鲁·尼科尔 Andrew Niccol,伊桑·霍克 Ethan Hawke / 乌玛,
224,初恋这件小事,8.5,2010,泰国,剧情 喜剧 爱情,普特鹏·普罗萨卡·那·萨克那卡林 Puttipong Promsaka Na Sakolnakorn / 华森·波克彭...,,黑小鸭速效美白记。
225,人工智能,8.7,2001,美国,剧情 科幻,史蒂文·斯皮尔伯格 Steven Spielberg,海利·乔·奥斯蒙 Haley,
226,崖上的波妞,8.6,2008,日本,动画 奇幻 冒险,宫崎骏 Hayao Miyazaki,奈良柚莉爱 Yuria Nara / 土井洋辉 Hir,
227,彗星来的那一夜,8.6,2013,美国 英国,科幻 悬疑 惊悚,詹姆斯·沃德·布柯特 James Ward Byrkit,艾米丽·芭尔多尼 Em,小成本大魅力。
228,虎口脱险,8.9,1966,法国 英国,喜剧 战争,杰拉尔·乌里 Gérard Oury,路易·德·菲耐斯 Louis de Funès,
229,哈利·波特与凤凰社,8.6,2007,英国 美国,奇幻 冒险,大卫·叶茨 David Yates,丹尼尔·雷德克里夫 Daniel Radcliffe,
230,雨人,8.7,1988,美国,剧情,巴瑞·莱文森 Barry Levinson,达斯汀·霍夫曼 Dustin Hoffman,
231,海边的曼彻斯特,8.6,2016,美国,剧情 家庭,肯尼斯·罗纳根 Kenneth Lonergan,卡西·阿弗莱克 Casey Affle,我们都有权利不与自己的过去和解。
232,罗生门,8.8,1950,日本,剧情 犯罪 悬疑,黑泽明 Akira Kurosawa,三船敏郎 Toshirô Mifune / 京町子,
233,火星救援,8.5,2015,英国 美国 匈牙利 约旦,剧情 科幻 冒险,雷德利·斯科特 Ridley Scott,马特·达蒙 Matt Damon / 杰西卡,
234,恋恋笔记本,8.5,2004,美国,剧情 爱情,尼克·卡索维茨 Nick Cassavetes,瑞恩·高斯林 Ryan Gosling,爱情没有那么多借口，如果不能圆满，只能说明爱的不够。
235,冰雪奇缘,8.5,2013,美国,喜剧 动画 奇幻 歌舞,克里斯·巴克 Chris Buck / 珍妮弗·李 Jennifer Lee,克里斯汀,
236,真爱至上,8.5,2003,英国 美国 法国,喜剧 剧情 爱情,理查德·柯蒂斯 Richard Curtis,休·格兰特 Hugh Grant / 连姆,
237,黑客帝国2：重装上阵,8.7,2003,美国,动作 科幻,拉娜·沃卓斯基 Lana Wachowski / 莉莉·沃卓斯基 Lilly Wachowski   ...,,
238,蜘蛛侠：平行宇宙,8.6,2018,美国,动作 科幻 动画 冒险,鲍勃·佩尔西凯蒂 Bob Persichetti / 彼得·拉姆齐 Peter Ramsey   主...,,
239,步履不停,8.8,2008,日本,剧情 家庭,是枝裕和 Hirokazu Koreeda,阿部宽 Hiroshi Abe / 夏川结衣 Yu,日本的家庭电影已经是世界巅峰了，步履不停是巅峰中的佳作。
240,谍影重重2,8.7,2004,美国 德国,动作 悬疑 惊悚,保罗·格林格拉斯 Paul Greengrass,马特·达蒙 Matt Damon,谁说王家卫镜头很晃？
241,千年女优,8.8,2001,日本,动画 剧情 爱情,今敏 Satoshi Kon,庄司美代子 Miyoko Shôji / 小山茉美 Mam,
242,奇迹男孩,8.6,2017,美国 中国香港,剧情 儿童 家庭,斯蒂芬·卓博斯基 Stephen Chbosky,雅各布·特伦布莱 Jacob Tr,世界不完美，爱会有奇迹。
243,战争之王,8.7,2005,美国 德国,剧情 犯罪,安德鲁·尼科尔 Andrew Niccol,尼古拉斯·凯奇 Nicolas Cage,做一颗让别人需要你的棋子。
244,攻壳机动队,9.0,1995,日本,动作 科幻 动画,押井守 Mamoru Oshii,田中敦子 Atsuko Tanaka / 大冢明夫 Akio,
245,血观音,8.6,2017,中国台湾,剧情 悬疑,杨雅喆 Ya-che Yang,惠英红 Kara Wai Ying Hung / 吴可熙 Wu K,
246,血钻,8.7,2006,美国 德国 英国,剧情 惊悚 冒险,爱德华·兹威克 Edward Zwick,莱昂纳多·迪卡普里奥 Leonardo,每个美丽事物背后都是滴血的现实。
247,小姐,8.6,2016,韩国,剧情 悬疑 情色 同性,朴赞郁 Chan-wook Park,金敏喜 Min-hee Kim / 金泰梨 Tae-ri K,
248,隐藏人物,8.9,2016,美国,剧情 传记 历史,特奥多尔·梅尔菲 Theodore Melfi,塔拉吉·P·汉森 Taraji P.,
249,魂断蓝桥,8.8,1940,美国,剧情 爱情 战争,茂文·勒鲁瓦 Mervyn LeRoy,费雯·丽 Vivien Leigh / 罗伯特·,
250,谍影重重,8.6,2002,美国 德国 捷克,动作 悬疑 惊悚,道格·里曼 Doug Liman,马特·达蒙 Matt Damon / 弗兰卡·波坦,
